Gene Symbol	OQL Line	Num Samples Altered	Percent Samples Altered
TP53	TP53: MUT FUSION AMP HOMDEL EXP>=2 EXP<=-2 PROT>=2 PROT<=-2;	360	61%
PLCG1	PLCG1: MUT FUSION AMP HOMDEL EXP>=2 EXP<=-2 PROT>=2 PROT<=-2;	239	40%
ELMO2	ELMO2: MUT FUSION AMP HOMDEL EXP>=2 EXP<=-2 PROT>=2 PROT<=-2;	238	40%
PIK3CA	PIK3CA: MUT FUSION AMP HOMDEL EXP>=2 EXP<=-2 PROT>=2 PROT<=-2;	185	31%
ZMYM2	ZMYM2: MUT FUSION AMP HOMDEL EXP>=2 EXP<=-2 PROT>=2 PROT<=-2;	160	27%
PROCR	PROCR: MUT FUSION AMP HOMDEL EXP>=2 EXP<=-2 PROT>=2 PROT<=-2;	148	25%
DAGLB	DAGLB: MUT FUSION AMP HOMDEL EXP>=2 EXP<=-2 PROT>=2 PROT<=-2;	124	21%
CUX1	CUX1: MUT FUSION AMP HOMDEL EXP>=2 EXP<=-2 PROT>=2 PROT<=-2;	124	21%
ERLIN2	ERLIN2: MUT FUSION AMP HOMDEL EXP>=2 EXP<=-2 PROT>=2 PROT<=-2;	115	19%
TNS3	TNS3: MUT FUSION AMP HOMDEL EXP>=2 EXP<=-2 PROT>=2 PROT<=-2;	115	19%
PLCB4	PLCB4: MUT FUSION AMP HOMDEL EXP>=2 EXP<=-2 PROT>=2 PROT<=-2;	114	19%
PTEN	PTEN: MUT FUSION AMP HOMDEL EXP>=2 EXP<=-2 PROT>=2 PROT<=-2;	106	18%
WASF3	WASF3: MUT FUSION AMP HOMDEL EXP>=2 EXP<=-2 PROT>=2 PROT<=-2;	106	18%
DGKH	DGKH: MUT FUSION AMP HOMDEL EXP>=2 EXP<=-2 PROT>=2 PROT<=-2;	101	17%
MAPK1	MAPK1: MUT FUSION AMP HOMDEL EXP>=2 EXP<=-2 PROT>=2 PROT<=-2;	100	17%
NRG1	NRG1: MUT FUSION AMP HOMDEL EXP>=2 EXP<=-2 PROT>=2 PROT<=-2;	94	16%
KL	KL: MUT FUSION AMP HOMDEL EXP>=2 EXP<=-2 PROT>=2 PROT<=-2;	93	16%
PLCB1	PLCB1: MUT FUSION AMP HOMDEL EXP>=2 EXP<=-2 PROT>=2 PROT<=-2;	93	16%
CYFIP1	CYFIP1: MUT FUSION AMP HOMDEL EXP>=2 EXP<=-2 PROT>=2 PROT<=-2;	86	14%
AKT1	AKT1: MUT FUSION AMP HOMDEL EXP>=2 EXP<=-2 PROT>=2 PROT<=-2;	82	14%
IRS2	IRS2: MUT FUSION AMP HOMDEL EXP>=2 EXP<=-2 PROT>=2 PROT<=-2;	81	14%
PIK3C3	PIK3C3: MUT FUSION AMP HOMDEL EXP>=2 EXP<=-2 PROT>=2 PROT<=-2;	79	13%
ITPR2	ITPR2: MUT FUSION AMP HOMDEL EXP>=2 EXP<=-2 PROT>=2 PROT<=-2;	79	13%
MET	MET: MUT FUSION AMP HOMDEL EXP>=2 EXP<=-2 PROT>=2 PROT<=-2;	77	13%
SNAI1	SNAI1: MUT FUSION AMP HOMDEL EXP>=2 EXP<=-2 PROT>=2 PROT<=-2;	77	13%
PIK3R1	PIK3R1: MUT FUSION AMP HOMDEL EXP>=2 EXP<=-2 PROT>=2 PROT<=-2;	76	13%
ERBB3	ERBB3: MUT FUSION AMP HOMDEL EXP>=2 EXP<=-2 PROT>=2 PROT<=-2;	76	13%
NCKAP1	NCKAP1: MUT FUSION AMP HOMDEL EXP>=2 EXP<=-2 PROT>=2 PROT<=-2;	75	13%
AKT3	AKT3: MUT FUSION AMP HOMDEL EXP>=2 EXP<=-2 PROT>=2 PROT<=-2;	75	13%
HCK	HCK: MUT FUSION AMP HOMDEL EXP>=2 EXP<=-2 PROT>=2 PROT<=-2;	74	12%
BAG4	BAG4: MUT FUSION AMP HOMDEL EXP>=2 EXP<=-2 PROT>=2 PROT<=-2;	73	12%
CACNA1C	CACNA1C: MUT FUSION AMP HOMDEL EXP>=2 EXP<=-2 PROT>=2 PROT<=-2;	71	12%
F8	F8: MUT FUSION AMP HOMDEL EXP>=2 EXP<=-2 PROT>=2 PROT<=-2;	71	12%
TUBB1	TUBB1: MUT FUSION AMP HOMDEL EXP>=2 EXP<=-2 PROT>=2 PROT<=-2;	70	12%
TRPC4	TRPC4: MUT FUSION AMP HOMDEL EXP>=2 EXP<=-2 PROT>=2 PROT<=-2;	69	12%
AKT2	AKT2: MUT FUSION AMP HOMDEL EXP>=2 EXP<=-2 PROT>=2 PROT<=-2;	68	11%
FGFR1	FGFR1: MUT FUSION AMP HOMDEL EXP>=2 EXP<=-2 PROT>=2 PROT<=-2;	68	11%
PTPN11	PTPN11: MUT FUSION AMP HOMDEL EXP>=2 EXP<=-2 PROT>=2 PROT<=-2;	67	11%
DVL3	DVL3: MUT FUSION AMP HOMDEL EXP>=2 EXP<=-2 PROT>=2 PROT<=-2;	67	11%
FLT3	FLT3: MUT FUSION AMP HOMDEL EXP>=2 EXP<=-2 PROT>=2 PROT<=-2;	67	11%
ELMO1	ELMO1: MUT FUSION AMP HOMDEL EXP>=2 EXP<=-2 PROT>=2 PROT<=-2;	67	11%
VWF	VWF: MUT FUSION AMP HOMDEL EXP>=2 EXP<=-2 PROT>=2 PROT<=-2;	66	11%
KDR	KDR: MUT FUSION AMP HOMDEL EXP>=2 EXP<=-2 PROT>=2 PROT<=-2;	65	11%
ITPR3	ITPR3: MUT FUSION AMP HOMDEL EXP>=2 EXP<=-2 PROT>=2 PROT<=-2;	65	11%
DVL2	DVL2: MUT FUSION AMP HOMDEL EXP>=2 EXP<=-2 PROT>=2 PROT<=-2;	64	11%
SYK	SYK: MUT FUSION AMP HOMDEL EXP>=2 EXP<=-2 PROT>=2 PROT<=-2;	63	11%
TRPC7	TRPC7: MUT FUSION AMP HOMDEL EXP>=2 EXP<=-2 PROT>=2 PROT<=-2;	63	11%
CEP43	CEP43: MUT FUSION AMP HOMDEL EXP>=2 EXP<=-2 PROT>=2 PROT<=-2;	62	10%
PRKCA	PRKCA: MUT FUSION AMP HOMDEL EXP>=2 EXP<=-2 PROT>=2 PROT<=-2;	62	10%
RBBP6	RBBP6: MUT FUSION AMP HOMDEL EXP>=2 EXP<=-2 PROT>=2 PROT<=-2;	62	10%
PDGFA	PDGFA: MUT FUSION AMP HOMDEL EXP>=2 EXP<=-2 PROT>=2 PROT<=-2;	61	10%
TRIM24	TRIM24: MUT FUSION AMP HOMDEL EXP>=2 EXP<=-2 PROT>=2 PROT<=-2;	61	10%
PIK3CB	PIK3CB: MUT FUSION AMP HOMDEL EXP>=2 EXP<=-2 PROT>=2 PROT<=-2;	60	10%
FGF9	FGF9: MUT FUSION AMP HOMDEL EXP>=2 EXP<=-2 PROT>=2 PROT<=-2;	60	10%
BLK	BLK: MUT FUSION AMP HOMDEL EXP>=2 EXP<=-2 PROT>=2 PROT<=-2;	59	10%
AMPH	AMPH: MUT FUSION AMP HOMDEL EXP>=2 EXP<=-2 PROT>=2 PROT<=-2;	59	10%
KIAA0319	KIAA0319: MUT FUSION AMP HOMDEL EXP>=2 EXP<=-2 PROT>=2 PROT<=-2;	59	10%
VAV2	VAV2: MUT FUSION AMP HOMDEL EXP>=2 EXP<=-2 PROT>=2 PROT<=-2;	59	10%
PIK3R4	PIK3R4: MUT FUSION AMP HOMDEL EXP>=2 EXP<=-2 PROT>=2 PROT<=-2;	59	10%
ITPR1	ITPR1: MUT FUSION AMP HOMDEL EXP>=2 EXP<=-2 PROT>=2 PROT<=-2;	59	10%
DGKI	DGKI: MUT FUSION AMP HOMDEL EXP>=2 EXP<=-2 PROT>=2 PROT<=-2;	59	10%
MYO10	MYO10: MUT FUSION AMP HOMDEL EXP>=2 EXP<=-2 PROT>=2 PROT<=-2;	58	10%
MYO18A	MYO18A: MUT FUSION AMP HOMDEL EXP>=2 EXP<=-2 PROT>=2 PROT<=-2;	58	10%
HGF	HGF: MUT FUSION AMP HOMDEL EXP>=2 EXP<=-2 PROT>=2 PROT<=-2;	58	10%
FGF20	FGF20: MUT FUSION AMP HOMDEL EXP>=2 EXP<=-2 PROT>=2 PROT<=-2;	58	10%
PLCE1	PLCE1: MUT FUSION AMP HOMDEL EXP>=2 EXP<=-2 PROT>=2 PROT<=-2;	58	10%
KIT	KIT: MUT FUSION AMP HOMDEL EXP>=2 EXP<=-2 PROT>=2 PROT<=-2;	57	10%
FRS2	FRS2: MUT FUSION AMP HOMDEL EXP>=2 EXP<=-2 PROT>=2 PROT<=-2;	57	10%
SOS1	SOS1: MUT FUSION AMP HOMDEL EXP>=2 EXP<=-2 PROT>=2 PROT<=-2;	56	9%
IRS1	IRS1: MUT FUSION AMP HOMDEL EXP>=2 EXP<=-2 PROT>=2 PROT<=-2;	56	9%
PLCG2	PLCG2: MUT FUSION AMP HOMDEL EXP>=2 EXP<=-2 PROT>=2 PROT<=-2;	56	9%
CLTCL1	CLTCL1: MUT FUSION AMP HOMDEL EXP>=2 EXP<=-2 PROT>=2 PROT<=-2;	55	9%
FGFR1OP2	FGFR1OP2: MUT FUSION AMP HOMDEL EXP>=2 EXP<=-2 PROT>=2 PROT<=-2;	54	9%
DOCK1	DOCK1: MUT FUSION AMP HOMDEL EXP>=2 EXP<=-2 PROT>=2 PROT<=-2;	54	9%
ITPKB	ITPKB: MUT FUSION AMP HOMDEL EXP>=2 EXP<=-2 PROT>=2 PROT<=-2;	54	9%
PIK3CG	PIK3CG: MUT FUSION AMP HOMDEL EXP>=2 EXP<=-2 PROT>=2 PROT<=-2;	54	9%
PLCH1	PLCH1: MUT FUSION AMP HOMDEL EXP>=2 EXP<=-2 PROT>=2 PROT<=-2;	54	9%
INPP5K	INPP5K: MUT FUSION AMP HOMDEL EXP>=2 EXP<=-2 PROT>=2 PROT<=-2;	53	9%
ABI2	ABI2: MUT FUSION AMP HOMDEL EXP>=2 EXP<=-2 PROT>=2 PROT<=-2;	53	9%
BAIAP2	BAIAP2: MUT FUSION AMP HOMDEL EXP>=2 EXP<=-2 PROT>=2 PROT<=-2;	53	9%
PIK3R2	PIK3R2: MUT FUSION AMP HOMDEL EXP>=2 EXP<=-2 PROT>=2 PROT<=-2;	53	9%
ITPKC	ITPKC: MUT FUSION AMP HOMDEL EXP>=2 EXP<=-2 PROT>=2 PROT<=-2;	53	9%
LYN	LYN: MUT FUSION AMP HOMDEL EXP>=2 EXP<=-2 PROT>=2 PROT<=-2;	52	9%
WASF2	WASF2: MUT FUSION AMP HOMDEL EXP>=2 EXP<=-2 PROT>=2 PROT<=-2;	52	9%
GRIK3	GRIK3: MUT FUSION AMP HOMDEL EXP>=2 EXP<=-2 PROT>=2 PROT<=-2;	52	9%
CACNA1D	CACNA1D: MUT FUSION AMP HOMDEL EXP>=2 EXP<=-2 PROT>=2 PROT<=-2;	51	9%
GAB2	GAB2: MUT FUSION AMP HOMDEL EXP>=2 EXP<=-2 PROT>=2 PROT<=-2;	51	9%
VAV3	VAV3: MUT FUSION AMP HOMDEL EXP>=2 EXP<=-2 PROT>=2 PROT<=-2;	51	9%
STAM2	STAM2: MUT FUSION AMP HOMDEL EXP>=2 EXP<=-2 PROT>=2 PROT<=-2;	50	8%
SHC1	SHC1: MUT FUSION AMP HOMDEL EXP>=2 EXP<=-2 PROT>=2 PROT<=-2;	50	8%
NTRK2	NTRK2: MUT FUSION AMP HOMDEL EXP>=2 EXP<=-2 PROT>=2 PROT<=-2;	50	8%
NCKAP1L	NCKAP1L: MUT FUSION AMP HOMDEL EXP>=2 EXP<=-2 PROT>=2 PROT<=-2;	50	8%
STRN	STRN: MUT FUSION AMP HOMDEL EXP>=2 EXP<=-2 PROT>=2 PROT<=-2;	50	8%
PDGFRA	PDGFRA: MUT FUSION AMP HOMDEL EXP>=2 EXP<=-2 PROT>=2 PROT<=-2;	50	8%
RASGRP3	RASGRP3: MUT FUSION AMP HOMDEL EXP>=2 EXP<=-2 PROT>=2 PROT<=-2;	50	8%
LRRFIP1	LRRFIP1: MUT FUSION AMP HOMDEL EXP>=2 EXP<=-2 PROT>=2 PROT<=-2;	49	8%
INPPL1	INPPL1: MUT FUSION AMP HOMDEL EXP>=2 EXP<=-2 PROT>=2 PROT<=-2;	49	8%
CPSF6	CPSF6: MUT FUSION AMP HOMDEL EXP>=2 EXP<=-2 PROT>=2 PROT<=-2;	49	8%
DPP4	DPP4: MUT FUSION AMP HOMDEL EXP>=2 EXP<=-2 PROT>=2 PROT<=-2;	49	8%
THBS1	THBS1: MUT FUSION AMP HOMDEL EXP>=2 EXP<=-2 PROT>=2 PROT<=-2;	48	8%
CNTRL	CNTRL: MUT FUSION AMP HOMDEL EXP>=2 EXP<=-2 PROT>=2 PROT<=-2;	48	8%
PDPK1	PDPK1: MUT FUSION AMP HOMDEL EXP>=2 EXP<=-2 PROT>=2 PROT<=-2;	48	8%
DGKD	DGKD: MUT FUSION AMP HOMDEL EXP>=2 EXP<=-2 PROT>=2 PROT<=-2;	48	8%
PRKCQ	PRKCQ: MUT FUSION AMP HOMDEL EXP>=2 EXP<=-2 PROT>=2 PROT<=-2;	48	8%
PIP4K2B	PIP4K2B: MUT FUSION AMP HOMDEL EXP>=2 EXP<=-2 PROT>=2 PROT<=-2;	48	8%
PIP4K2A	PIP4K2A: MUT FUSION AMP HOMDEL EXP>=2 EXP<=-2 PROT>=2 PROT<=-2;	47	8%
TLR9	TLR9: MUT FUSION AMP HOMDEL EXP>=2 EXP<=-2 PROT>=2 PROT<=-2;	47	8%
TRPC3	TRPC3: MUT FUSION AMP HOMDEL EXP>=2 EXP<=-2 PROT>=2 PROT<=-2;	47	8%
INPP5A	INPP5A: MUT FUSION AMP HOMDEL EXP>=2 EXP<=-2 PROT>=2 PROT<=-2;	47	8%
C1R	C1R: MUT FUSION AMP HOMDEL EXP>=2 EXP<=-2 PROT>=2 PROT<=-2;	47	8%
ATF2	ATF2: MUT FUSION AMP HOMDEL EXP>=2 EXP<=-2 PROT>=2 PROT<=-2;	46	8%
VAV1	VAV1: MUT FUSION AMP HOMDEL EXP>=2 EXP<=-2 PROT>=2 PROT<=-2;	46	8%
BSG	BSG: MUT FUSION AMP HOMDEL EXP>=2 EXP<=-2 PROT>=2 PROT<=-2;	46	8%
CYFIP2	CYFIP2: MUT FUSION AMP HOMDEL EXP>=2 EXP<=-2 PROT>=2 PROT<=-2;	46	8%
FGF17	FGF17: MUT FUSION AMP HOMDEL EXP>=2 EXP<=-2 PROT>=2 PROT<=-2;	46	8%
INPP5D	INPP5D: MUT FUSION AMP HOMDEL EXP>=2 EXP<=-2 PROT>=2 PROT<=-2;	46	8%
OCRL	OCRL: MUT FUSION AMP HOMDEL EXP>=2 EXP<=-2 PROT>=2 PROT<=-2;	45	8%
PIP5K1C	PIP5K1C: MUT FUSION AMP HOMDEL EXP>=2 EXP<=-2 PROT>=2 PROT<=-2;	45	8%
SGIP1	SGIP1: MUT FUSION AMP HOMDEL EXP>=2 EXP<=-2 PROT>=2 PROT<=-2;	45	8%
PDGFRB	PDGFRB: MUT FUSION AMP HOMDEL EXP>=2 EXP<=-2 PROT>=2 PROT<=-2;	45	8%
JAK2	JAK2: MUT FUSION AMP HOMDEL EXP>=2 EXP<=-2 PROT>=2 PROT<=-2;	45	8%
TICAM1	TICAM1: MUT FUSION AMP HOMDEL EXP>=2 EXP<=-2 PROT>=2 PROT<=-2;	45	8%
SH3KBP1	SH3KBP1: MUT FUSION AMP HOMDEL EXP>=2 EXP<=-2 PROT>=2 PROT<=-2;	44	7%
TLE1	TLE1: MUT FUSION AMP HOMDEL EXP>=2 EXP<=-2 PROT>=2 PROT<=-2;	44	7%
ABI1	ABI1: MUT FUSION AMP HOMDEL EXP>=2 EXP<=-2 PROT>=2 PROT<=-2;	44	7%
YES1	YES1: MUT FUSION AMP HOMDEL EXP>=2 EXP<=-2 PROT>=2 PROT<=-2;	44	7%
PPP1R12B	PPP1R12B: MUT FUSION AMP HOMDEL EXP>=2 EXP<=-2 PROT>=2 PROT<=-2;	44	7%
TRPC1	TRPC1: MUT FUSION AMP HOMDEL EXP>=2 EXP<=-2 PROT>=2 PROT<=-2;	44	7%
GPR183	GPR183: MUT FUSION AMP HOMDEL EXP>=2 EXP<=-2 PROT>=2 PROT<=-2;	44	7%
FNBP1	FNBP1: MUT FUSION AMP HOMDEL EXP>=2 EXP<=-2 PROT>=2 PROT<=-2;	43	7%
LDLR	LDLR: MUT FUSION AMP HOMDEL EXP>=2 EXP<=-2 PROT>=2 PROT<=-2;	43	7%
GNA13	GNA13: MUT FUSION AMP HOMDEL EXP>=2 EXP<=-2 PROT>=2 PROT<=-2;	43	7%
EEF1A1	EEF1A1: MUT FUSION AMP HOMDEL EXP>=2 EXP<=-2 PROT>=2 PROT<=-2;	43	7%
NRG3	NRG3: MUT FUSION AMP HOMDEL EXP>=2 EXP<=-2 PROT>=2 PROT<=-2;	43	7%
FGF10	FGF10: MUT FUSION AMP HOMDEL EXP>=2 EXP<=-2 PROT>=2 PROT<=-2;	43	7%
PIP4K2C	PIP4K2C: MUT FUSION AMP HOMDEL EXP>=2 EXP<=-2 PROT>=2 PROT<=-2;	43	7%
C1S	C1S: MUT FUSION AMP HOMDEL EXP>=2 EXP<=-2 PROT>=2 PROT<=-2;	43	7%
DGKE	DGKE: MUT FUSION AMP HOMDEL EXP>=2 EXP<=-2 PROT>=2 PROT<=-2;	43	7%
PIP5K1A	PIP5K1A: MUT FUSION AMP HOMDEL EXP>=2 EXP<=-2 PROT>=2 PROT<=-2;	42	7%
PRKCE	PRKCE: MUT FUSION AMP HOMDEL EXP>=2 EXP<=-2 PROT>=2 PROT<=-2;	42	7%
PRKCB	PRKCB: MUT FUSION AMP HOMDEL EXP>=2 EXP<=-2 PROT>=2 PROT<=-2;	42	7%
IRAK1	IRAK1: MUT FUSION AMP HOMDEL EXP>=2 EXP<=-2 PROT>=2 PROT<=-2;	42	7%
PLCB2	PLCB2: MUT FUSION AMP HOMDEL EXP>=2 EXP<=-2 PROT>=2 PROT<=-2;	42	7%
INPP5B	INPP5B: MUT FUSION AMP HOMDEL EXP>=2 EXP<=-2 PROT>=2 PROT<=-2;	42	7%
STAM	STAM: MUT FUSION AMP HOMDEL EXP>=2 EXP<=-2 PROT>=2 PROT<=-2;	41	7%
NTRK3	NTRK3: MUT FUSION AMP HOMDEL EXP>=2 EXP<=-2 PROT>=2 PROT<=-2;	41	7%
CD86	CD86: MUT FUSION AMP HOMDEL EXP>=2 EXP<=-2 PROT>=2 PROT<=-2;	41	7%
SH2D2A	SH2D2A: MUT FUSION AMP HOMDEL EXP>=2 EXP<=-2 PROT>=2 PROT<=-2;	41	7%
USF2	USF2: MUT FUSION AMP HOMDEL EXP>=2 EXP<=-2 PROT>=2 PROT<=-2;	40	7%
PRKCG	PRKCG: MUT FUSION AMP HOMDEL EXP>=2 EXP<=-2 PROT>=2 PROT<=-2;	40	7%
DGKA	DGKA: MUT FUSION AMP HOMDEL EXP>=2 EXP<=-2 PROT>=2 PROT<=-2;	40	7%
DGKZ	DGKZ: MUT FUSION AMP HOMDEL EXP>=2 EXP<=-2 PROT>=2 PROT<=-2;	40	7%
SYNJ1	SYNJ1: MUT FUSION AMP HOMDEL EXP>=2 EXP<=-2 PROT>=2 PROT<=-2;	39	7%
ICE2	ICE2: MUT FUSION AMP HOMDEL EXP>=2 EXP<=-2 PROT>=2 PROT<=-2;	39	7%
FGFR3	FGFR3: MUT FUSION AMP HOMDEL EXP>=2 EXP<=-2 PROT>=2 PROT<=-2;	39	7%
ICOS	ICOS: MUT FUSION AMP HOMDEL EXP>=2 EXP<=-2 PROT>=2 PROT<=-2;	39	7%
TRPC6	TRPC6: MUT FUSION AMP HOMDEL EXP>=2 EXP<=-2 PROT>=2 PROT<=-2;	39	7%
IDE	IDE: MUT FUSION AMP HOMDEL EXP>=2 EXP<=-2 PROT>=2 PROT<=-2;	39	7%
KLRD1	KLRD1: MUT FUSION AMP HOMDEL EXP>=2 EXP<=-2 PROT>=2 PROT<=-2;	39	7%
IL33	IL33: MUT FUSION AMP HOMDEL EXP>=2 EXP<=-2 PROT>=2 PROT<=-2;	39	7%
TREM2	TREM2: MUT FUSION AMP HOMDEL EXP>=2 EXP<=-2 PROT>=2 PROT<=-2;	39	7%
AREG	AREG: MUT FUSION AMP HOMDEL EXP>=2 EXP<=-2 PROT>=2 PROT<=-2;	38	6%
GNAI2	GNAI2: MUT FUSION AMP HOMDEL EXP>=2 EXP<=-2 PROT>=2 PROT<=-2;	38	6%
CRMP1	CRMP1: MUT FUSION AMP HOMDEL EXP>=2 EXP<=-2 PROT>=2 PROT<=-2;	38	6%
PLCD1	PLCD1: MUT FUSION AMP HOMDEL EXP>=2 EXP<=-2 PROT>=2 PROT<=-2;	38	6%
RASGRP2	RASGRP2: MUT FUSION AMP HOMDEL EXP>=2 EXP<=-2 PROT>=2 PROT<=-2;	38	6%
FGA	FGA: MUT FUSION AMP HOMDEL EXP>=2 EXP<=-2 PROT>=2 PROT<=-2;	38	6%
FCGR3A	FCGR3A: MUT FUSION AMP HOMDEL EXP>=2 EXP<=-2 PROT>=2 PROT<=-2;	38	6%
TEC	TEC: MUT FUSION AMP HOMDEL EXP>=2 EXP<=-2 PROT>=2 PROT<=-2;	38	6%
GP1BA	GP1BA: MUT FUSION AMP HOMDEL EXP>=2 EXP<=-2 PROT>=2 PROT<=-2;	38	6%
PIK3R6	PIK3R6: MUT FUSION AMP HOMDEL EXP>=2 EXP<=-2 PROT>=2 PROT<=-2;	38	6%
MYD88	MYD88: MUT FUSION AMP HOMDEL EXP>=2 EXP<=-2 PROT>=2 PROT<=-2;	37	6%
SNRPF	SNRPF: MUT FUSION AMP HOMDEL EXP>=2 EXP<=-2 PROT>=2 PROT<=-2;	37	6%
EGF	EGF: MUT FUSION AMP HOMDEL EXP>=2 EXP<=-2 PROT>=2 PROT<=-2;	37	6%
EREG	EREG: MUT FUSION AMP HOMDEL EXP>=2 EXP<=-2 PROT>=2 PROT<=-2;	37	6%
PIP5K1B	PIP5K1B: MUT FUSION AMP HOMDEL EXP>=2 EXP<=-2 PROT>=2 PROT<=-2;	37	6%
REPS2	REPS2: MUT FUSION AMP HOMDEL EXP>=2 EXP<=-2 PROT>=2 PROT<=-2;	37	6%
CALM1	CALM1: MUT FUSION AMP HOMDEL EXP>=2 EXP<=-2 PROT>=2 PROT<=-2;	37	6%
PRKCD	PRKCD: MUT FUSION AMP HOMDEL EXP>=2 EXP<=-2 PROT>=2 PROT<=-2;	37	6%
DGKB	DGKB: MUT FUSION AMP HOMDEL EXP>=2 EXP<=-2 PROT>=2 PROT<=-2;	37	6%
PIK3CD	PIK3CD: MUT FUSION AMP HOMDEL EXP>=2 EXP<=-2 PROT>=2 PROT<=-2;	37	6%
DAGLA	DAGLA: MUT FUSION AMP HOMDEL EXP>=2 EXP<=-2 PROT>=2 PROT<=-2;	37	6%
FCAMR	FCAMR: MUT FUSION AMP HOMDEL EXP>=2 EXP<=-2 PROT>=2 PROT<=-2;	37	6%
MAPT	MAPT: MUT FUSION AMP HOMDEL EXP>=2 EXP<=-2 PROT>=2 PROT<=-2;	36	6%
RGS6	RGS6: MUT FUSION AMP HOMDEL EXP>=2 EXP<=-2 PROT>=2 PROT<=-2;	36	6%
VEGFA	VEGFA: MUT FUSION AMP HOMDEL EXP>=2 EXP<=-2 PROT>=2 PROT<=-2;	36	6%
FGF7	FGF7: MUT FUSION AMP HOMDEL EXP>=2 EXP<=-2 PROT>=2 PROT<=-2;	36	6%
KITLG	KITLG: MUT FUSION AMP HOMDEL EXP>=2 EXP<=-2 PROT>=2 PROT<=-2;	36	6%
DVL1	DVL1: MUT FUSION AMP HOMDEL EXP>=2 EXP<=-2 PROT>=2 PROT<=-2;	36	6%
FCGR2B	FCGR2B: MUT FUSION AMP HOMDEL EXP>=2 EXP<=-2 PROT>=2 PROT<=-2;	36	6%
PDGFB	PDGFB: MUT FUSION AMP HOMDEL EXP>=2 EXP<=-2 PROT>=2 PROT<=-2;	35	6%
TF	TF: MUT FUSION AMP HOMDEL EXP>=2 EXP<=-2 PROT>=2 PROT<=-2;	35	6%
ANXA1	ANXA1: MUT FUSION AMP HOMDEL EXP>=2 EXP<=-2 PROT>=2 PROT<=-2;	35	6%
PIK3AP1	PIK3AP1: MUT FUSION AMP HOMDEL EXP>=2 EXP<=-2 PROT>=2 PROT<=-2;	35	6%
AXL	AXL: MUT FUSION AMP HOMDEL EXP>=2 EXP<=-2 PROT>=2 PROT<=-2;	35	6%
FCGR1A	FCGR1A: MUT FUSION AMP HOMDEL EXP>=2 EXP<=-2 PROT>=2 PROT<=-2;	35	6%
ITPKA	ITPKA: MUT FUSION AMP HOMDEL EXP>=2 EXP<=-2 PROT>=2 PROT<=-2;	35	6%
CACNB3	CACNB3: MUT FUSION AMP HOMDEL EXP>=2 EXP<=-2 PROT>=2 PROT<=-2;	35	6%
IRAK4	IRAK4: MUT FUSION AMP HOMDEL EXP>=2 EXP<=-2 PROT>=2 PROT<=-2;	35	6%
MS4A2	MS4A2: MUT FUSION AMP HOMDEL EXP>=2 EXP<=-2 PROT>=2 PROT<=-2;	35	6%
INPP5J	INPP5J: MUT FUSION AMP HOMDEL EXP>=2 EXP<=-2 PROT>=2 PROT<=-2;	35	6%
KLRC2	KLRC2: MUT FUSION AMP HOMDEL EXP>=2 EXP<=-2 PROT>=2 PROT<=-2;	35	6%
CBL	CBL: MUT FUSION AMP HOMDEL EXP>=2 EXP<=-2 PROT>=2 PROT<=-2;	34	6%
PACSIN3	PACSIN3: MUT FUSION AMP HOMDEL EXP>=2 EXP<=-2 PROT>=2 PROT<=-2;	34	6%
BCR	BCR: MUT FUSION AMP HOMDEL EXP>=2 EXP<=-2 PROT>=2 PROT<=-2;	34	6%
CD80	CD80: MUT FUSION AMP HOMDEL EXP>=2 EXP<=-2 PROT>=2 PROT<=-2;	34	6%
FGF23	FGF23: MUT FUSION AMP HOMDEL EXP>=2 EXP<=-2 PROT>=2 PROT<=-2;	34	6%
FGF5	FGF5: MUT FUSION AMP HOMDEL EXP>=2 EXP<=-2 PROT>=2 PROT<=-2;	34	6%
FGFR2	FGFR2: MUT FUSION AMP HOMDEL EXP>=2 EXP<=-2 PROT>=2 PROT<=-2;	34	6%
SNAP91	SNAP91: MUT FUSION AMP HOMDEL EXP>=2 EXP<=-2 PROT>=2 PROT<=-2;	33	6%
ITK	ITK: MUT FUSION AMP HOMDEL EXP>=2 EXP<=-2 PROT>=2 PROT<=-2;	33	6%
CACNB2	CACNB2: MUT FUSION AMP HOMDEL EXP>=2 EXP<=-2 PROT>=2 PROT<=-2;	33	6%
PIK3R5	PIK3R5: MUT FUSION AMP HOMDEL EXP>=2 EXP<=-2 PROT>=2 PROT<=-2;	33	6%
DGKG	DGKG: MUT FUSION AMP HOMDEL EXP>=2 EXP<=-2 PROT>=2 PROT<=-2;	33	6%
NTF3	NTF3: MUT FUSION AMP HOMDEL EXP>=2 EXP<=-2 PROT>=2 PROT<=-2;	33	6%
C1QC	C1QC: MUT FUSION AMP HOMDEL EXP>=2 EXP<=-2 PROT>=2 PROT<=-2;	33	6%
ERG28	ERG28: MUT FUSION AMP HOMDEL EXP>=2 EXP<=-2 PROT>=2 PROT<=-2;	33	6%
GAB1	GAB1: MUT FUSION AMP HOMDEL EXP>=2 EXP<=-2 PROT>=2 PROT<=-2;	33	6%
PLCB3	PLCB3: MUT FUSION AMP HOMDEL EXP>=2 EXP<=-2 PROT>=2 PROT<=-2;	33	6%
RGS7	RGS7: MUT FUSION AMP HOMDEL EXP>=2 EXP<=-2 PROT>=2 PROT<=-2;	33	6%
NECAP2	NECAP2: MUT FUSION AMP HOMDEL EXP>=2 EXP<=-2 PROT>=2 PROT<=-2;	32	5%
IL6	IL6: MUT FUSION AMP HOMDEL EXP>=2 EXP<=-2 PROT>=2 PROT<=-2;	32	5%
FGF1	FGF1: MUT FUSION AMP HOMDEL EXP>=2 EXP<=-2 PROT>=2 PROT<=-2;	32	5%
C1QB	C1QB: MUT FUSION AMP HOMDEL EXP>=2 EXP<=-2 PROT>=2 PROT<=-2;	32	5%
STON1	STON1: MUT FUSION AMP HOMDEL EXP>=2 EXP<=-2 PROT>=2 PROT<=-2;	31	5%
GNAO1	GNAO1: MUT FUSION AMP HOMDEL EXP>=2 EXP<=-2 PROT>=2 PROT<=-2;	31	5%
BRK1	BRK1: MUT FUSION AMP HOMDEL EXP>=2 EXP<=-2 PROT>=2 PROT<=-2;	31	5%
CCL3	CCL3: MUT FUSION AMP HOMDEL EXP>=2 EXP<=-2 PROT>=2 PROT<=-2;	31	5%
FGF2	FGF2: MUT FUSION AMP HOMDEL EXP>=2 EXP<=-2 PROT>=2 PROT<=-2;	31	5%
PLCD3	PLCD3: MUT FUSION AMP HOMDEL EXP>=2 EXP<=-2 PROT>=2 PROT<=-2;	31	5%
LCP2	LCP2: MUT FUSION AMP HOMDEL EXP>=2 EXP<=-2 PROT>=2 PROT<=-2;	31	5%
CD3G	CD3G: MUT FUSION AMP HOMDEL EXP>=2 EXP<=-2 PROT>=2 PROT<=-2;	30	5%
BTK	BTK: MUT FUSION AMP HOMDEL EXP>=2 EXP<=-2 PROT>=2 PROT<=-2;	30	5%
LCK	LCK: MUT FUSION AMP HOMDEL EXP>=2 EXP<=-2 PROT>=2 PROT<=-2;	30	5%
WFS1	WFS1: MUT FUSION AMP HOMDEL EXP>=2 EXP<=-2 PROT>=2 PROT<=-2;	30	5%
C1QA	C1QA: MUT FUSION AMP HOMDEL EXP>=2 EXP<=-2 PROT>=2 PROT<=-2;	30	5%
PLCH2	PLCH2: MUT FUSION AMP HOMDEL EXP>=2 EXP<=-2 PROT>=2 PROT<=-2;	30	5%
PRKCH	PRKCH: MUT FUSION AMP HOMDEL EXP>=2 EXP<=-2 PROT>=2 PROT<=-2;	30	5%
CD22	CD22: MUT FUSION AMP HOMDEL EXP>=2 EXP<=-2 PROT>=2 PROT<=-2;	30	5%
FCER1A	FCER1A: MUT FUSION AMP HOMDEL EXP>=2 EXP<=-2 PROT>=2 PROT<=-2;	30	5%
WNT5A	WNT5A: MUT FUSION AMP HOMDEL EXP>=2 EXP<=-2 PROT>=2 PROT<=-2;	29	5%
FGR	FGR: MUT FUSION AMP HOMDEL EXP>=2 EXP<=-2 PROT>=2 PROT<=-2;	29	5%
WASF1	WASF1: MUT FUSION AMP HOMDEL EXP>=2 EXP<=-2 PROT>=2 PROT<=-2;	29	5%
CD19	CD19: MUT FUSION AMP HOMDEL EXP>=2 EXP<=-2 PROT>=2 PROT<=-2;	29	5%
FLT3LG	FLT3LG: MUT FUSION AMP HOMDEL EXP>=2 EXP<=-2 PROT>=2 PROT<=-2;	29	5%
HBEGF	HBEGF: MUT FUSION AMP HOMDEL EXP>=2 EXP<=-2 PROT>=2 PROT<=-2;	28	5%
TACR1	TACR1: MUT FUSION AMP HOMDEL EXP>=2 EXP<=-2 PROT>=2 PROT<=-2;	28	5%
RASGRP1	RASGRP1: MUT FUSION AMP HOMDEL EXP>=2 EXP<=-2 PROT>=2 PROT<=-2;	28	5%
CACNA2D2	CACNA2D2: MUT FUSION AMP HOMDEL EXP>=2 EXP<=-2 PROT>=2 PROT<=-2;	28	5%
CD28	CD28: MUT FUSION AMP HOMDEL EXP>=2 EXP<=-2 PROT>=2 PROT<=-2;	28	5%
LAT2	LAT2: MUT FUSION AMP HOMDEL EXP>=2 EXP<=-2 PROT>=2 PROT<=-2;	28	5%
CTSG	CTSG: MUT FUSION AMP HOMDEL EXP>=2 EXP<=-2 PROT>=2 PROT<=-2;	27	5%
AVPR2	AVPR2: MUT FUSION AMP HOMDEL EXP>=2 EXP<=-2 PROT>=2 PROT<=-2;	27	5%
HNRNPH3	HNRNPH3: MUT FUSION AMP HOMDEL EXP>=2 EXP<=-2 PROT>=2 PROT<=-2;	27	5%
PFN1	PFN1: MUT FUSION AMP HOMDEL EXP>=2 EXP<=-2 PROT>=2 PROT<=-2;	27	5%
FGFR4	FGFR4: MUT FUSION AMP HOMDEL EXP>=2 EXP<=-2 PROT>=2 PROT<=-2;	27	5%
CD79A	CD79A: MUT FUSION AMP HOMDEL EXP>=2 EXP<=-2 PROT>=2 PROT<=-2;	27	5%
LAT	LAT: MUT FUSION AMP HOMDEL EXP>=2 EXP<=-2 PROT>=2 PROT<=-2;	27	5%
TRPC5	TRPC5: MUT FUSION AMP HOMDEL EXP>=2 EXP<=-2 PROT>=2 PROT<=-2;	27	5%
PIK3R3	PIK3R3: MUT FUSION AMP HOMDEL EXP>=2 EXP<=-2 PROT>=2 PROT<=-2;	26	4%
GRAP2	GRAP2: MUT FUSION AMP HOMDEL EXP>=2 EXP<=-2 PROT>=2 PROT<=-2;	26	4%
CD247	CD247: MUT FUSION AMP HOMDEL EXP>=2 EXP<=-2 PROT>=2 PROT<=-2;	26	4%
DGKQ	DGKQ: MUT FUSION AMP HOMDEL EXP>=2 EXP<=-2 PROT>=2 PROT<=-2;	26	4%
DAPP1	DAPP1: MUT FUSION AMP HOMDEL EXP>=2 EXP<=-2 PROT>=2 PROT<=-2;	26	4%
PDPN	PDPN: MUT FUSION AMP HOMDEL EXP>=2 EXP<=-2 PROT>=2 PROT<=-2;	26	4%
HYLS1	HYLS1: MUT FUSION AMP HOMDEL EXP>=2 EXP<=-2 PROT>=2 PROT<=-2;	26	4%
BTC	BTC: MUT FUSION AMP HOMDEL EXP>=2 EXP<=-2 PROT>=2 PROT<=-2;	25	4%
SYT8	SYT8: MUT FUSION AMP HOMDEL EXP>=2 EXP<=-2 PROT>=2 PROT<=-2;	25	4%
C1QBP	C1QBP: MUT FUSION AMP HOMDEL EXP>=2 EXP<=-2 PROT>=2 PROT<=-2;	25	4%
FGF16	FGF16: MUT FUSION AMP HOMDEL EXP>=2 EXP<=-2 PROT>=2 PROT<=-2;	25	4%
FGF4	FGF4: MUT FUSION AMP HOMDEL EXP>=2 EXP<=-2 PROT>=2 PROT<=-2;	25	4%
FGF6	FGF6: MUT FUSION AMP HOMDEL EXP>=2 EXP<=-2 PROT>=2 PROT<=-2;	25	4%
BLNK	BLNK: MUT FUSION AMP HOMDEL EXP>=2 EXP<=-2 PROT>=2 PROT<=-2;	25	4%
TRAT1	TRAT1: MUT FUSION AMP HOMDEL EXP>=2 EXP<=-2 PROT>=2 PROT<=-2;	25	4%
TGFA	TGFA: MUT FUSION AMP HOMDEL EXP>=2 EXP<=-2 PROT>=2 PROT<=-2;	23	4%
FCGR2A	FCGR2A: MUT FUSION AMP HOMDEL EXP>=2 EXP<=-2 PROT>=2 PROT<=-2;	23	4%
IL1RL1	IL1RL1: MUT FUSION AMP HOMDEL EXP>=2 EXP<=-2 PROT>=2 PROT<=-2;	23	4%
KLB	KLB: MUT FUSION AMP HOMDEL EXP>=2 EXP<=-2 PROT>=2 PROT<=-2;	23	4%
CD79B	CD79B: MUT FUSION AMP HOMDEL EXP>=2 EXP<=-2 PROT>=2 PROT<=-2;	22	4%
FGB	FGB: MUT FUSION AMP HOMDEL EXP>=2 EXP<=-2 PROT>=2 PROT<=-2;	22	4%
FGF22	FGF22: MUT FUSION AMP HOMDEL EXP>=2 EXP<=-2 PROT>=2 PROT<=-2;	22	4%
TXK	TXK: MUT FUSION AMP HOMDEL EXP>=2 EXP<=-2 PROT>=2 PROT<=-2;	22	4%
EPOR	EPOR: MUT FUSION AMP HOMDEL EXP>=2 EXP<=-2 PROT>=2 PROT<=-2;	22	4%
AHSG	AHSG: MUT FUSION AMP HOMDEL EXP>=2 EXP<=-2 PROT>=2 PROT<=-2;	21	4%
NRG2	NRG2: MUT FUSION AMP HOMDEL EXP>=2 EXP<=-2 PROT>=2 PROT<=-2;	21	4%
KISS1R	KISS1R: MUT FUSION AMP HOMDEL EXP>=2 EXP<=-2 PROT>=2 PROT<=-2;	21	4%
AMBP	AMBP: MUT FUSION AMP HOMDEL EXP>=2 EXP<=-2 PROT>=2 PROT<=-2;	20	3%
FGF18	FGF18: MUT FUSION AMP HOMDEL EXP>=2 EXP<=-2 PROT>=2 PROT<=-2;	20	3%
KLK3	KLK3: MUT FUSION AMP HOMDEL EXP>=2 EXP<=-2 PROT>=2 PROT<=-2;	19	3%
NRG4	NRG4: MUT FUSION AMP HOMDEL EXP>=2 EXP<=-2 PROT>=2 PROT<=-2;	19	3%
FGF3	FGF3: MUT FUSION AMP HOMDEL EXP>=2 EXP<=-2 PROT>=2 PROT<=-2;	19	3%
PLCZ1	PLCZ1: MUT FUSION AMP HOMDEL EXP>=2 EXP<=-2 PROT>=2 PROT<=-2;	18	3%
BDNF	BDNF: MUT FUSION AMP HOMDEL EXP>=2 EXP<=-2 PROT>=2 PROT<=-2;	18	3%
FGF19	FGF19: MUT FUSION AMP HOMDEL EXP>=2 EXP<=-2 PROT>=2 PROT<=-2;	18	3%
FGG	FGG: MUT FUSION AMP HOMDEL EXP>=2 EXP<=-2 PROT>=2 PROT<=-2;	18	3%
DGKK	DGKK: MUT FUSION AMP HOMDEL EXP>=2 EXP<=-2 PROT>=2 PROT<=-2;	18	3%
EPO	EPO: MUT FUSION AMP HOMDEL EXP>=2 EXP<=-2 PROT>=2 PROT<=-2;	17	2.9%
FGF8	FGF8: MUT FUSION AMP HOMDEL EXP>=2 EXP<=-2 PROT>=2 PROT<=-2;	16	2.7%
CXCR2	CXCR2: MUT FUSION AMP HOMDEL EXP>=2 EXP<=-2 PROT>=2 PROT<=-2;	16	2.7%
CLEC1B	CLEC1B: MUT FUSION AMP HOMDEL EXP>=2 EXP<=-2 PROT>=2 PROT<=-2;	16	2.7%
EPGN	EPGN: MUT FUSION AMP HOMDEL EXP>=2 EXP<=-2 PROT>=2 PROT<=-2;	15	2.5%
IGHM	IGHM: MUT FUSION AMP HOMDEL EXP>=2 EXP<=-2 PROT>=2 PROT<=-2;	14	2.4%
NTF4	NTF4: MUT FUSION AMP HOMDEL EXP>=2 EXP<=-2 PROT>=2 PROT<=-2;	13	2.2%
IGHG1	IGHG1: MUT FUSION AMP HOMDEL EXP>=2 EXP<=-2 PROT>=2 PROT<=-2;	12	2%
KLK2	KLK2: MUT FUSION AMP HOMDEL EXP>=2 EXP<=-2 PROT>=2 PROT<=-2;	11	1.9%
IGHG4	IGHG4: MUT FUSION AMP HOMDEL EXP>=2 EXP<=-2 PROT>=2 PROT<=-2;	11	1.9%
IGHG2	IGHG2: MUT FUSION AMP HOMDEL EXP>=2 EXP<=-2 PROT>=2 PROT<=-2;	10	1.7%
IGHG3	IGHG3: MUT FUSION AMP HOMDEL EXP>=2 EXP<=-2 PROT>=2 PROT<=-2;	8	1.3%
IGKV1-5	IGKV1-5: MUT FUSION AMP HOMDEL EXP>=2 EXP<=-2 PROT>=2 PROT<=-2;	7	1.2%
IGHD	IGHD: MUT FUSION AMP HOMDEL EXP>=2 EXP<=-2 PROT>=2 PROT<=-2;	7	1.2%
AVP	AVP: MUT FUSION AMP HOMDEL EXP>=2 EXP<=-2 PROT>=2 PROT<=-2;	5	0.8%
IGHV2-70	IGHV2-70: MUT FUSION AMP HOMDEL EXP>=2 EXP<=-2 PROT>=2 PROT<=-2;	5	0.8%
IGHV4-34	IGHV4-34: MUT FUSION AMP HOMDEL EXP>=2 EXP<=-2 PROT>=2 PROT<=-2;	5	0.8%
IGKV3D-20	IGKV3D-20: MUT FUSION AMP HOMDEL EXP>=2 EXP<=-2 PROT>=2 PROT<=-2;	5	0.8%
IGHV1-46	IGHV1-46: MUT FUSION AMP HOMDEL EXP>=2 EXP<=-2 PROT>=2 PROT<=-2;	4	0.7%
IGHV3-23	IGHV3-23: MUT FUSION AMP HOMDEL EXP>=2 EXP<=-2 PROT>=2 PROT<=-2;	4	0.7%
IGKV1D-16	IGKV1D-16: MUT FUSION AMP HOMDEL EXP>=2 EXP<=-2 PROT>=2 PROT<=-2;	4	0.7%
IGKV3-11	IGKV3-11: MUT FUSION AMP HOMDEL EXP>=2 EXP<=-2 PROT>=2 PROT<=-2;	4	0.7%
IGLV2-8	IGLV2-8: MUT FUSION AMP HOMDEL EXP>=2 EXP<=-2 PROT>=2 PROT<=-2;	4	0.7%
IGLV3-21	IGLV3-21: MUT FUSION AMP HOMDEL EXP>=2 EXP<=-2 PROT>=2 PROT<=-2;	4	0.7%
IGHV3-11	IGHV3-11: MUT FUSION AMP HOMDEL EXP>=2 EXP<=-2 PROT>=2 PROT<=-2;	3	0.5%
IGHV3-53	IGHV3-53: MUT FUSION AMP HOMDEL EXP>=2 EXP<=-2 PROT>=2 PROT<=-2;	3	0.5%
IGHV4-39	IGHV4-39: MUT FUSION AMP HOMDEL EXP>=2 EXP<=-2 PROT>=2 PROT<=-2;	3	0.5%
IGKV1-16	IGKV1-16: MUT FUSION AMP HOMDEL EXP>=2 EXP<=-2 PROT>=2 PROT<=-2;	3	0.5%
IGKV1D-33	IGKV1D-33: MUT FUSION AMP HOMDEL EXP>=2 EXP<=-2 PROT>=2 PROT<=-2;	3	0.5%
IGKV3-15	IGKV3-15: MUT FUSION AMP HOMDEL EXP>=2 EXP<=-2 PROT>=2 PROT<=-2;	3	0.5%
IGKV4-1	IGKV4-1: MUT FUSION AMP HOMDEL EXP>=2 EXP<=-2 PROT>=2 PROT<=-2;	3	0.5%
IGLV2-14	IGLV2-14: MUT FUSION AMP HOMDEL EXP>=2 EXP<=-2 PROT>=2 PROT<=-2;	3	0.5%
IGLV3-19	IGLV3-19: MUT FUSION AMP HOMDEL EXP>=2 EXP<=-2 PROT>=2 PROT<=-2;	3	0.5%
IGLV3-25	IGLV3-25: MUT FUSION AMP HOMDEL EXP>=2 EXP<=-2 PROT>=2 PROT<=-2;	3	0.5%
IGLV3-27	IGLV3-27: MUT FUSION AMP HOMDEL EXP>=2 EXP<=-2 PROT>=2 PROT<=-2;	3	0.5%
IGKC	IGKC: MUT FUSION AMP HOMDEL EXP>=2 EXP<=-2 PROT>=2 PROT<=-2;	2	0.3%
IGHV2-5	IGHV2-5: MUT FUSION AMP HOMDEL EXP>=2 EXP<=-2 PROT>=2 PROT<=-2;	2	0.3%
IGHV3-30	IGHV3-30: MUT FUSION AMP HOMDEL EXP>=2 EXP<=-2 PROT>=2 PROT<=-2;	2	0.3%
IGHV3-33	IGHV3-33: MUT FUSION AMP HOMDEL EXP>=2 EXP<=-2 PROT>=2 PROT<=-2;	2	0.3%
IGHV3-48	IGHV3-48: MUT FUSION AMP HOMDEL EXP>=2 EXP<=-2 PROT>=2 PROT<=-2;	2	0.3%
IGHV3-7	IGHV3-7: MUT FUSION AMP HOMDEL EXP>=2 EXP<=-2 PROT>=2 PROT<=-2;	2	0.3%
IGHV4-59	IGHV4-59: MUT FUSION AMP HOMDEL EXP>=2 EXP<=-2 PROT>=2 PROT<=-2;	2	0.3%
IGKV1-17	IGKV1-17: MUT FUSION AMP HOMDEL EXP>=2 EXP<=-2 PROT>=2 PROT<=-2;	2	0.3%
IGKV1-33	IGKV1-33: MUT FUSION AMP HOMDEL EXP>=2 EXP<=-2 PROT>=2 PROT<=-2;	2	0.3%
IGKV1D-12	IGKV1D-12: MUT FUSION AMP HOMDEL EXP>=2 EXP<=-2 PROT>=2 PROT<=-2;	2	0.3%
IGKV2-30	IGKV2-30: MUT FUSION AMP HOMDEL EXP>=2 EXP<=-2 PROT>=2 PROT<=-2;	2	0.3%
IGKV2D-28	IGKV2D-28: MUT FUSION AMP HOMDEL EXP>=2 EXP<=-2 PROT>=2 PROT<=-2;	2	0.3%
IGKV2D-30	IGKV2D-30: MUT FUSION AMP HOMDEL EXP>=2 EXP<=-2 PROT>=2 PROT<=-2;	2	0.3%
IGLC3	IGLC3: MUT FUSION AMP HOMDEL EXP>=2 EXP<=-2 PROT>=2 PROT<=-2;	2	0.3%
IGLV1-40	IGLV1-40: MUT FUSION AMP HOMDEL EXP>=2 EXP<=-2 PROT>=2 PROT<=-2;	2	0.3%
IGLV1-44	IGLV1-44: MUT FUSION AMP HOMDEL EXP>=2 EXP<=-2 PROT>=2 PROT<=-2;	2	0.3%
IGLV1-47	IGLV1-47: MUT FUSION AMP HOMDEL EXP>=2 EXP<=-2 PROT>=2 PROT<=-2;	2	0.3%
IGLV2-23	IGLV2-23: MUT FUSION AMP HOMDEL EXP>=2 EXP<=-2 PROT>=2 PROT<=-2;	2	0.3%
IGLV7-43	IGLV7-43: MUT FUSION AMP HOMDEL EXP>=2 EXP<=-2 PROT>=2 PROT<=-2;	2	0.3%
IGHV1-2	IGHV1-2: MUT FUSION AMP HOMDEL EXP>=2 EXP<=-2 PROT>=2 PROT<=-2;	1	0.2%
IGHV1-69	IGHV1-69: MUT FUSION AMP HOMDEL EXP>=2 EXP<=-2 PROT>=2 PROT<=-2;	1	0.2%
IGKV5-2	IGKV5-2: MUT FUSION AMP HOMDEL EXP>=2 EXP<=-2 PROT>=2 PROT<=-2;	1	0.2%
IGLC2	IGLC2: MUT FUSION AMP HOMDEL EXP>=2 EXP<=-2 PROT>=2 PROT<=-2;	1	0.2%
IGLC7	IGLC7: MUT FUSION AMP HOMDEL EXP>=2 EXP<=-2 PROT>=2 PROT<=-2;	1	0.2%
IGHE	IGHE: MUT FUSION AMP HOMDEL EXP>=2 EXP<=-2 PROT>=2 PROT<=-2;	1	0.2%
IGKV2D-40	IGKV2D-40: MUT FUSION AMP HOMDEL EXP>=2 EXP<=-2 PROT>=2 PROT<=-2;	0	0%
IGHV3-13	IGHV3-13: MUT FUSION AMP HOMDEL EXP>=2 EXP<=-2 PROT>=2 PROT<=-2;	0	0%
IGHV3-9	IGHV3-9: MUT FUSION AMP HOMDEL EXP>=2 EXP<=-2 PROT>=2 PROT<=-2;	0	0%
IGKV1-12	IGKV1-12: MUT FUSION AMP HOMDEL EXP>=2 EXP<=-2 PROT>=2 PROT<=-2;	0	0%
IGKV1-39	IGKV1-39: MUT FUSION AMP HOMDEL EXP>=2 EXP<=-2 PROT>=2 PROT<=-2;	0	0%
IGKV1D-39	IGKV1D-39: MUT FUSION AMP HOMDEL EXP>=2 EXP<=-2 PROT>=2 PROT<=-2;	0	0%
IGKV2-28	IGKV2-28: MUT FUSION AMP HOMDEL EXP>=2 EXP<=-2 PROT>=2 PROT<=-2;	0	0%
IGKV2-29	IGKV2-29: MUT FUSION AMP HOMDEL EXP>=2 EXP<=-2 PROT>=2 PROT<=-2;	0	0%
IGKV3-20	IGKV3-20: MUT FUSION AMP HOMDEL EXP>=2 EXP<=-2 PROT>=2 PROT<=-2;	0	0%
IGLC1	IGLC1: MUT FUSION AMP HOMDEL EXP>=2 EXP<=-2 PROT>=2 PROT<=-2;	0	0%
IGLC6	IGLC6: MUT FUSION AMP HOMDEL EXP>=2 EXP<=-2 PROT>=2 PROT<=-2;	0	0%
IGLV1-51	IGLV1-51: MUT FUSION AMP HOMDEL EXP>=2 EXP<=-2 PROT>=2 PROT<=-2;	0	0%
IGLV2-11	IGLV2-11: MUT FUSION AMP HOMDEL EXP>=2 EXP<=-2 PROT>=2 PROT<=-2;	0	0%
IGLV3-1	IGLV3-1: MUT FUSION AMP HOMDEL EXP>=2 EXP<=-2 PROT>=2 PROT<=-2;	0	0%
IGLV6-57	IGLV6-57: MUT FUSION AMP HOMDEL EXP>=2 EXP<=-2 PROT>=2 PROT<=-2;	0	0%
